Date,Hour,Total_Submissions,Total_Successful,Success_Rate_Pct,Directories,Social_Bookmarking,Forum_Profiles,Guest_Post_Outreach,Blog_Comments,Avg_DA,Dofollow_Pct,Issues,Owner,Status
2026-04-10,08:00,0,0,0%,0,0,0,0,0,,,,Pending
2026-04-10,09:00,0,0,0%,0,0,0,0,0,,,,Pending
2026-04-10,10:00,0,0,0%,0,0,0,0,0,,,,Pending
2026-04-10,11:00,0,0,0%,0,0,0,0,0,,,,Pending
2026-04-10,12:00,0,0,0%,0,0,0,0,0,,,,Pending
2026-04-10,13:00,0,0,0%,0,0,0,0,0,,,,Pending
2026-04-10,14:00,0,0,0%,0,0,0,0,0,,,,Pending
2026-04-10,15:00,0,0,0%,0,0,0,0,0,,,,Pending
2026-04-10,16:00,0,0,0%,0,0,0,0,0,,,,Pending
2026-04-10,17:00,0,0,0%,0,0,0,0,0,,,,Pending
2026-04-10,18:00,0,0,0%,0,0,0,0,0,,,,Pending
2026-04-10,19:00,0,0,0%,0,0,0,0,0,,,,Pending