Date,Hour,Total_Submissions,Total_Successful,Total_Failed,Success_Rate_Pct,Directories,Social_Bookmarking,Forum_Profiles,Guest_Post_Outreach,Blog_Comments,Issues,Overall_Status
2026-04-10,00:00,0,0,0,—,0,0,0,0,0,None,—
2026-04-10,01:00,0,0,0,—,0,0,0,0,0,None,—
2026-04-10,02:00,0,0,0,—,0,0,0,0,0,None,—
2026-04-10,03:00,0,0,0,—,0,0,0,0,0,None,—
2026-04-10,04:00,0,0,0,—,0,0,0,0,0,None,—
2026-04-10,05:00,0,0,0,—,0,0,0,0,0,None,—
2026-04-10,06:00,0,0,0,—,0,0,0,0,0,None,—
2026-04-10,07:00,0,0,0,—,0,0,0,0,0,None,—
2026-04-10,08:00,0,0,0,—,0,0,0,0,0,None,—
2026-04-10,09:00,0,0,0,—,0,0,0,0,0,None,—
2026-04-10,10:00,0,0,0,—,0,0,0,0,0,None,—
2026-04-10,11:00,0,0,0,—,0,0,0,0,0,None,—
2026-04-10,12:00,0,0,0,—,0,0,0,0,0,None,—
2026-04-10,13:00,0,0,0,—,0,0,0,0,0,None,—
2026-04-10,14:00,0,0,0,—,0,0,0,0,0,None,—
2026-04-10,15:00,0,0,0,—,0,0,0,0,0,None,—
2026-04-10,16:00,0,0,0,—,0,0,0,0,0,None,—
2026-04-10,17:00,0,0,0,—,0,0,0,0,0,None,—
2026-04-10,18:00,0,0,0,—,0,0,0,0,0,None,—
2026-04-10,19:00,0,0,0,—,0,0,0,0,0,None,—
2026-04-10,20:00,0,0,0,—,0,0,0,0,0,None,—
2026-04-10,21:00,0,0,0,—,0,0,0,0,0,None,—
2026-04-10,22:00,0,0,0,—,0,0,0,0,0,None,—
2026-04-10,23:00,0,0,0,—,0,0,0,0,0,None,—